{"loss": [1.179464611982573, 1.1083152717960778, 1.0368374411457328, 1.0048298391390018, 0.9685447581352726, 0.9226825109893276, 0.887424558320994, 0.8422577958887837, 0.822947741890039, 0.7938149304639909, 0.7581871532865109, 0.7338120734259006, 0.7017363918190789, 0.6880452285744383, 0.6692244298288792], "val_loss": [1.1475856203723838, 1.0927460656342682, 1.0005341450240877, 0.9624183416068554, 1.0758097522523669, 1.2308675098121167, 0.8895437137352096, 0.8144558719197909, 0.7844802266585607, 0.8112862319651025, 0.775085317886538, 0.8318565288186073, 0.7256073943045405, 0.7614181582364771, 0.7205929563321449], "acc": [0.6930443548387096, 0.710293458781362, 0.7264224910394266, 0.7320228494623656, 0.7461917562724014, 0.7550403225806451, 0.7662970430107527, 0.7739135304659498, 0.7842741935483871, 0.7905465949820788, 0.7963709677419355, 0.802755376344086, 0.8126680107526881, 0.8145161290322581, 0.8186043906810035], "val_acc": [0.7057222222222223, 0.7191111111111111, 0.7453333333333333, 0.7531851851851852, 0.717037037037037, 0.6699444444444445, 0.769425925925926, 0.7924629629629629, 0.7947592592592593, 0.7861111111111111, 0.7946851851851852, 0.777537037037037, 0.8087037037037037, 0.7943703703703704, 0.8093518518518519]}